Title,Price,Date
Funny Got Data MIS Data Systems Business Analyst T-Shirt,14.99,2024-09-02
Funny Got Data MIS Data Systems Business Analyst T-Shirt,14.99,2024-09-02
Funny Got Data MIS Data Systems Business Analyst T-Shirt,14.99,2024-09-02
Funny Got Data MIS Data Systems Business Analyst T-Shirt,9.97,2024-09-02
Funny Got Data MIS Data Systems Business Analyst T-Shirt,9.97,2024-09-02
Funny Got Data MIS Data Systems Business Analyst T-Shirt,17.99,2024-09-02
Funny Got Data MIS Data Systems Business Analyst T-Shirt,9.97,2024-09-02
Funny Got Data MIS Data Systems Business Analyst T-Shirt,9.97,2024-09-02
Funny Got Data MIS Data Systems Business Analyst T-Shirt,14.99,2024-09-02
Funny Got Data MIS Data Systems Business Analyst T-Shirt,9.97,2024-09-02
Funny Got Data MIS Data Systems Business Analyst T-Shirt,16.99,2024-09-02
Funny Got Data MIS Data Systems Business Analyst T-Shirt,9.97,2024-09-02
Funny Got Data MIS Data Systems Business Analyst T-Shirt,9.97,2024-09-02
Funny Got Data MIS Data Systems Business Analyst T-Shirt,9.97,2024-09-02
Funny Got Data MIS Data Systems Business Analyst T-Shirt,9.97,2024-09-02
Funny Got Data MIS Data Systems Business Analyst T-Shirt,16.99,2024-09-02
Funny Got Data MIS Data Systems Business Analyst T-Shirt,17.99,2024-09-02
Funny Got Data MIS Data Systems Business Analyst T-Shirt,9.97,2024-09-02
Funny Got Data MIS Data Systems Business Analyst T-Shirt,9.97,2024-09-02
Funny Got Data MIS Data Systems Business Analyst T-Shirt,9.97,2024-09-02
Funny Got Data MIS Data Systems Business Analyst T-Shirt,16.99,2024-09-02
Funny Got Data MIS Data Systems Business Analyst T-Shirt,9.97,2024-09-02
Funny Got Data MIS Data Systems Business Analyst T-Shirt,18.99,2024-09-02
Funny Got Data MIS Data Systems Business Analyst T-Shirt,9.97,2024-09-02
Funny Got Data MIS Data Systems Business Analyst T-Shirt,17.99,2024-09-02
Funny Got Data MIS Data Systems Business Analyst T-Shirt,9.97,2024-09-02
Funny Got Data MIS Data Systems Business Analyst T-Shirt,16.99,2024-09-02
Funny Got Data MIS Data Systems Business Analyst T-Shirt,9.97,2024-09-02
Funny Got Data MIS Data Systems Business Analyst T-Shirt,9.97,2024-09-02
Funny Got Data MIS Data Systems Business Analyst T-Shirt,9.97,2024-09-02
Funny Got Data MIS Data Systems Business Analyst T-Shirt,9.97,2024-09-02
Funny Got Data MIS Data Systems Business Analyst T-Shirt,9.97,2024-09-02
Funny Got Data MIS Data Systems Business Analyst T-Shirt,9.97,2024-09-02
Funny Got Data MIS Data Systems Business Analyst T-Shirt,9.97,2024-09-02
Funny Got Data MIS Data Systems Business Analyst T-Shirt,9.97,2024-09-02
Funny Got Data MIS Data Systems Business Analyst T-Shirt,17.99,2024-09-02
Funny Got Data MIS Data Systems Business Analyst T-Shirt,9.97,2024-09-02
Funny Got Data MIS Data Systems Business Analyst T-Shirt,9.97,2024-09-02
Funny Got Data MIS Data Systems Business Analyst T-Shirt,18.99,2024-09-02
Funny Got Data MIS Data Systems Business Analyst T-Shirt,17.99,2024-09-02
Funny Got Data MIS Data Systems Business Analyst T-Shirt,9.97,2024-09-02
Funny Got Data MIS Data Systems Business Analyst T-Shirt,17.99,2024-09-02
Funny Got Data MIS Data Systems Business Analyst T-Shirt,18.99,2024-09-02
Funny Got Data MIS Data Systems Business Analyst T-Shirt,9.97,2024-09-02
Funny Got Data MIS Data Systems Business Analyst T-Shirt,17.99,2024-09-02
Funny Got Data MIS Data Systems Business Analyst T-Shirt,9.97,2024-09-02
Funny Got Data MIS Data Systems Business Analyst T-Shirt,18.99,2024-09-02
Funny Got Data MIS Data Systems Business Analyst T-Shirt,9.97,2024-09-02
Funny Got Data MIS Data Systems Business Analyst T-Shirt,9.97,2024-09-02
Funny Got Data MIS Data Systems Business Analyst T-Shirt,9.97,2024-09-02
Funny Got Data MIS Data Systems Business Analyst T-Shirt,17.99,2024-09-02
Funny Got Data MIS Data Systems Business Analyst T-Shirt,17.99,2024-09-02
Funny Got Data MIS Data Systems Business Analyst T-Shirt,9.97,2024-09-02
Funny Got Data MIS Data Systems Business Analyst T-Shirt,9.97,2024-09-02
Funny Got Data MIS Data Systems Business Analyst T-Shirt,18.99,2024-09-02
Funny Got Data MIS Data Systems Business Analyst T-Shirt,14.99,2024-09-02
Funny Got Data MIS Data Systems Business Analyst T-Shirt,9.97,2024-09-02
Funny Got Data MIS Data Systems Business Analyst T-Shirt,9.97,2024-09-02
Funny Got Data MIS Data Systems Business Analyst T-Shirt,17.99,2024-09-02
Funny Got Data MIS Data Systems Business Analyst T-Shirt,16.99,2024-09-02
Funny Got Data MIS Data Systems Business Analyst T-Shirt,9.97,2024-09-02
Funny Got Data MIS Data Systems Business Analyst T-Shirt,9.97,2024-09-02
Funny Got Data MIS Data Systems Business Analyst T-Shirt,9.97,2024-09-02
Funny Got Data MIS Data Systems Business Analyst T-Shirt,14.99,2024-09-02
Funny Got Data MIS Data Systems Business Analyst T-Shirt,9.97,2024-09-02
Funny Got Data MIS Data Systems Business Analyst T-Shirt,9.97,2024-09-02
Funny Got Data MIS Data Systems Business Analyst T-Shirt,17.99,2024-09-02
Funny Got Data MIS Data Systems Business Analyst T-Shirt,9.97,2024-09-02
Funny Got Data MIS Data Systems Business Analyst T-Shirt,9.97,2024-09-02
Funny Got Data MIS Data Systems Business Analyst T-Shirt,9.97,2024-09-02
Funny Got Data MIS Data Systems Business Analyst T-Shirt,9.97,2024-09-02
Funny Got Data MIS Data Systems Business Analyst T-Shirt,19.99,2024-09-02
Funny Got Data MIS Data Systems Business Analyst T-Shirt,14.99,2024-09-02
Funny Got Data MIS Data Systems Business Analyst T-Shirt,9.97,2024-09-02
Funny Got Data MIS Data Systems Business Analyst T-Shirt,9.97,2024-09-02
Funny Got Data MIS Data Systems Business Analyst T-Shirt,16.99,2024-09-02
Funny Got Data MIS Data Systems Business Analyst T-Shirt,17.99,2024-09-02
Funny Got Data MIS Data Systems Business Analyst T-Shirt,18.99,2024-09-02
Funny Got Data MIS Data Systems Business Analyst T-Shirt,17.99,2024-09-02
Funny Got Data MIS Data Systems Business Analyst T-Shirt,19.99,2024-09-02
Funny Got Data MIS Data Systems Business Analyst T-Shirt,9.97,2024-09-02
Funny Got Data MIS Data Systems Business Analyst T-Shirt,16.99,2024-09-02
Funny Got Data MIS Data Systems Business Analyst T-Shirt,16.99,2024-09-02
Funny Got Data MIS Data Systems Business Analyst T-Shirt,9.97,2024-09-02
Funny Got Data MIS Data Systems Business Analyst T-Shirt,17.99,2024-09-02
Funny Got Data MIS Data Systems Business Analyst T-Shirt,17.99,2024-09-02
Funny Got Data MIS Data Systems Business Analyst T-Shirt,9.97,2024-09-02
Funny Got Data MIS Data Systems Business Analyst T-Shirt,9.97,2024-09-02
Funny Got Data MIS Data Systems Business Analyst T-Shirt,9.97,2024-09-02
Funny Got Data MIS Data Systems Business Analyst T-Shirt,9.97,2024-09-02
Funny Got Data MIS Data Systems Business Analyst T-Shirt,9.97,2024-09-02
Funny Got Data MIS Data Systems Business Analyst T-Shirt,9.97,2024-09-02
Funny Got Data MIS Data Systems Business Analyst T-Shirt,14.99,2024-09-02
Funny Got Data MIS Data Systems Business Analyst T-Shirt,17.99,2024-09-02
Funny Got Data MIS Data Systems Business Analyst T-Shirt,9.97,2024-09-02
Funny Got Data MIS Data Systems Business Analyst T-Shirt,9.97,2024-09-02
Funny Got Data MIS Data Systems Business Analyst T-Shirt,17.99,2024-09-02
Funny Got Data MIS Data Systems Business Analyst T-Shirt,17.99,2024-09-02
Funny Got Data MIS Data Systems Business Analyst T-Shirt,17.99,2024-09-02
Funny Got Data MIS Data Systems Business Analyst T-Shirt,9.97,2024-09-02
Funny Got Data MIS Data Systems Business Analyst T-Shirt,9.97,2024-09-02
Funny Got Data MIS Data Systems Business Analyst T-Shirt,16.99,2024-09-02
Funny Got Data MIS Data Systems Business Analyst T-Shirt,9.97,2024-09-02
Funny Got Data MIS Data Systems Business Analyst T-Shirt,9.97,2024-09-02
Funny Got Data MIS Data Systems Business Analyst T-Shirt,16.99,2024-09-02
Funny Got Data MIS Data Systems Business Analyst T-Shirt,9.97,2024-09-02
Funny Got Data MIS Data Systems Business Analyst T-Shirt,17.99,2024-09-02
Funny Got Data MIS Data Systems Business Analyst T-Shirt,17.99,2024-09-02
Funny Got Data MIS Data Systems Business Analyst T-Shirt,9.97,2024-09-02
Funny Got Data MIS Data Systems Business Analyst T-Shirt,9.97,2024-09-02
Funny Got Data MIS Data Systems Business Analyst T-Shirt,17.99,2024-09-02
Funny Got Data MIS Data Systems Business Analyst T-Shirt,9.97,2024-09-02
Funny Got Data MIS Data Systems Business Analyst T-Shirt,9.97,2024-09-02
Funny Got Data MIS Data Systems Business Analyst T-Shirt,9.97,2024-09-02
Funny Got Data MIS Data Systems Business Analyst T-Shirt,16.99,2024-09-02
Funny Got Data MIS Data Systems Business Analyst T-Shirt,9.97,2024-09-02
Funny Got Data MIS Data Systems Business Analyst T-Shirt,9.97,2024-09-02
Funny Got Data MIS Data Systems Business Analyst T-Shirt,16.99,2024-09-02
Funny Got Data MIS Data Systems Business Analyst T-Shirt,9.97,2024-09-02
Funny Got Data MIS Data Systems Business Analyst T-Shirt,16.99,2024-09-02
Funny Got Data MIS Data Systems Business Analyst T-Shirt,16.99,2024-09-02
Funny Got Data MIS Data Systems Business Analyst T-Shirt,16.99,2024-09-02
Funny Got Data MIS Data Systems Business Analyst T-Shirt,9.97,2024-09-02
Funny Got Data MIS Data Systems Business Analyst T-Shirt,17.99,2024-09-02
Funny Got Data MIS Data Systems Business Analyst T-Shirt,9.97,2024-09-02
Funny Got Data MIS Data Systems Business Analyst T-Shirt,18.99,2024-09-02
Funny Got Data MIS Data Systems Business Analyst T-Shirt,9.97,2024-09-02
Funny Got Data MIS Data Systems Business Analyst T-Shirt,17.99,2024-09-02
Funny Got Data MIS Data Systems Business Analyst T-Shirt,9.97,2024-09-02
Funny Got Data MIS Data Systems Business Analyst T-Shirt,9.97,2024-09-02
Funny Got Data MIS Data Systems Business Analyst T-Shirt,9.97,2024-09-02
Funny Got Data MIS Data Systems Business Analyst T-Shirt,9.97,2024-09-02
Funny Got Data MIS Data Systems Business Analyst T-Shirt,16.99,2024-09-02
Funny Got Data MIS Data Systems Business Analyst T-Shirt,17.99,2024-09-02
Funny Got Data MIS Data Systems Business Analyst T-Shirt,9.97,2024-09-02
Funny Got Data MIS Data Systems Business Analyst T-Shirt,9.97,2024-09-02
Funny Got Data MIS Data Systems Business Analyst T-Shirt,16.99,2024-09-02
Funny Got Data MIS Data Systems Business Analyst T-Shirt,9.97,2024-09-02
Funny Got Data MIS Data Systems Business Analyst T-Shirt,17.99,2024-09-02
Funny Got Data MIS Data Systems Business Analyst T-Shirt,19.99,2024-09-02
Funny Got Data MIS Data Systems Business Analyst T-Shirt,9.97,2024-09-02
Funny Got Data MIS Data Systems Business Analyst T-Shirt,16.99,2024-09-02
Funny Got Data MIS Data Systems Business Analyst T-Shirt,9.97,2024-09-02
Funny Got Data MIS Data Systems Business Analyst T-Shirt,18.99,2024-09-02
Funny Got Data MIS Data Systems Business Analyst T-Shirt,9.97,2024-09-02
Funny Got Data MIS Data Systems Business Analyst T-Shirt,17.99,2024-09-02
Funny Got Data MIS Data Systems Business Analyst T-Shirt,9.97,2024-09-02
Funny Got Data MIS Data Systems Business Analyst T-Shirt,16.99,2024-09-02
Funny Got Data MIS Data Systems Business Analyst T-Shirt,16.99,2024-09-02
Funny Got Data MIS Data Systems Business Analyst T-Shirt,16.99,2024-09-02
Funny Got Data MIS Data Systems Business Analyst T-Shirt,18.99,2024-09-02
Funny Got Data MIS Data Systems Business Analyst T-Shirt,9.97,2024-09-02
Funny Got Data MIS Data Systems Business Analyst T-Shirt,9.97,2024-09-02
Funny Got Data MIS Data Systems Business Analyst T-Shirt,17.99,2024-09-02
Funny Got Data MIS Data Systems Business Analyst T-Shirt,17.99,2024-09-02
Funny Got Data MIS Data Systems Business Analyst T-Shirt,17.99,2024-09-02
Funny Got Data MIS Data Systems Business Analyst T-Shirt,17.99,2024-09-02
Funny Got Data MIS Data Systems Business Analyst T-Shirt,9.97,2024-09-02
Funny Got Data MIS Data Systems Business Analyst T-Shirt,17.99,2024-09-02
Funny Got Data MIS Data Systems Business Analyst T-Shirt,16.99,2024-09-02
Funny Got Data MIS Data Systems Business Analyst T-Shirt,16.99,2024-09-02
Funny Got Data MIS Data Systems Business Analyst T-Shirt,9.97,2024-09-02
Funny Got Data MIS Data Systems Business Analyst T-Shirt,16.99,2024-09-02
Funny Got Data MIS Data Systems Business Analyst T-Shirt,17.99,2024-09-02
Funny Got Data MIS Data Systems Business Analyst T-Shirt,9.97,2024-09-02
Funny Got Data MIS Data Systems Business Analyst T-Shirt,17.99,2024-09-02
Funny Got Data MIS Data Systems Business Analyst T-Shirt,9.97,2024-09-02
Funny Got Data MIS Data Systems Business Analyst T-Shirt,16.99,2024-09-02
Funny Got Data MIS Data Systems Business Analyst T-Shirt,17.99,2024-09-02
Funny Got Data MIS Data Systems Business Analyst T-Shirt,18.99,2024-09-02
Funny Got Data MIS Data Systems Business Analyst T-Shirt,9.97,2024-09-02
Funny Got Data MIS Data Systems Business Analyst T-Shirt,9.97,2024-09-02
Funny Got Data MIS Data Systems Business Analyst T-Shirt,17.99,2024-09-02
Funny Got Data MIS Data Systems Business Analyst T-Shirt,9.97,2024-09-02
Funny Got Data MIS Data Systems Business Analyst T-Shirt,9.97,2024-09-02
Funny Got Data MIS Data Systems Business Analyst T-Shirt,9.97,2024-09-02
Funny Got Data MIS Data Systems Business Analyst T-Shirt,17.99,2024-09-02
Funny Got Data MIS Data Systems Business Analyst T-Shirt,16.99,2024-09-02
Funny Got Data MIS Data Systems Business Analyst T-Shirt,14.99,2024-09-02
Funny Got Data MIS Data Systems Business Analyst T-Shirt,16.99,2024-09-02
Funny Got Data MIS Data Systems Business Analyst T-Shirt,17.99,2024-09-02
Funny Got Data MIS Data Systems Business Analyst T-Shirt,9.97,2024-09-02
Funny Got Data MIS Data Systems Business Analyst T-Shirt,9.97,2024-09-02
Funny Got Data MIS Data Systems Business Analyst T-Shirt,9.97,2024-09-02
Funny Got Data MIS Data Systems Business Analyst T-Shirt,17.99,2024-09-02
Funny Got Data MIS Data Systems Business Analyst T-Shirt,9.97,2024-09-02
Funny Got Data MIS Data Systems Business Analyst T-Shirt,19.99,2024-09-02
Funny Got Data MIS Data Systems Business Analyst T-Shirt,17.99,2024-09-02
Funny Got Data MIS Data Systems Business Analyst T-Shirt,9.97,2024-09-02
Funny Got Data MIS Data Systems Business Analyst T-Shirt,9.97,2024-09-02
Funny Got Data MIS Data Systems Business Analyst T-Shirt,9.97,2024-09-02
Funny Got Data MIS Data Systems Business Analyst T-Shirt,9.97,2024-09-02
Funny Got Data MIS Data Systems Business Analyst T-Shirt,9.97,2024-09-02
Funny Got Data MIS Data Systems Business Analyst T-Shirt,9.97,2024-09-02
Funny Got Data MIS Data Systems Business Analyst T-Shirt,9.97,2024-09-02
Funny Got Data MIS Data Systems Business Analyst T-Shirt,17.99,2024-09-02
Funny Got Data MIS Data Systems Business Analyst T-Shirt,9.97,2024-09-02
Funny Got Data MIS Data Systems Business Analyst T-Shirt,17.99,2024-09-02
Funny Got Data MIS Data Systems Business Analyst T-Shirt,9.97,2024-09-02
Funny Got Data MIS Data Systems Business Analyst T-Shirt,14.99,2024-09-02
Funny Got Data MIS Data Systems Business Analyst T-Shirt,9.97,2024-09-02
Funny Got Data MIS Data Systems Business Analyst T-Shirt,16.99,2024-09-02
Funny Got Data MIS Data Systems Business Analyst T-Shirt,17.99,2024-09-02
Funny Got Data MIS Data Systems Business Analyst T-Shirt,9.97,2024-09-02
Funny Got Data MIS Data Systems Business Analyst T-Shirt,14.99,2024-09-02
Funny Got Data MIS Data Systems Business Analyst T-Shirt,9.97,2024-09-02
Funny Got Data MIS Data Systems Business Analyst T-Shirt,9.97,2024-09-02
Funny Got Data MIS Data Systems Business Analyst T-Shirt,9.97,2024-09-02
Funny Got Data MIS Data Systems Business Analyst T-Shirt,9.97,2024-09-02
Funny Got Data MIS Data Systems Business Analyst T-Shirt,9.97,2024-09-02
Funny Got Data MIS Data Systems Business Analyst T-Shirt,17.99,2024-09-02
Funny Got Data MIS Data Systems Business Analyst T-Shirt,9.97,2024-09-02
Funny Got Data MIS Data Systems Business Analyst T-Shirt,14.99,2024-09-02
Funny Got Data MIS Data Systems Business Analyst T-Shirt,17.99,2024-09-02
Funny Got Data MIS Data Systems Business Analyst T-Shirt,14.99,2024-09-02
Funny Got Data MIS Data Systems Business Analyst T-Shirt,9.97,2024-09-02
Funny Got Data MIS Data Systems Business Analyst T-Shirt,9.97,2024-09-02
Funny Got Data MIS Data Systems Business Analyst T-Shirt,17.99,2024-09-02
Funny Got Data MIS Data Systems Business Analyst T-Shirt,9.97,2024-09-02
Funny Got Data MIS Data Systems Business Analyst T-Shirt,9.97,2024-09-02
Funny Got Data MIS Data Systems Business Analyst T-Shirt,18.99,2024-09-02
Funny Got Data MIS Data Systems Business Analyst T-Shirt,18.99,2024-09-02
Funny Got Data MIS Data Systems Business Analyst T-Shirt,17.99,2024-09-02
Funny Got Data MIS Data Systems Business Analyst T-Shirt,17.99,2024-09-02
Funny Got Data MIS Data Systems Business Analyst T-Shirt,14.99,2024-09-02
Funny Got Data MIS Data Systems Business Analyst T-Shirt,9.97,2024-09-02
Funny Got Data MIS Data Systems Business Analyst T-Shirt,16.99,2024-09-02
Funny Got Data MIS Data Systems Business Analyst T-Shirt,17.99,2024-09-02
Funny Got Data MIS Data Systems Business Analyst T-Shirt,16.99,2024-09-02
Funny Got Data MIS Data Systems Business Analyst T-Shirt,16.99,2024-09-02
Funny Got Data MIS Data Systems Business Analyst T-Shirt,17.99,2024-09-02
Funny Got Data MIS Data Systems Business Analyst T-Shirt,9.97,2024-09-02
Funny Got Data MIS Data Systems Business Analyst T-Shirt,9.97,2024-09-02
Funny Got Data MIS Data Systems Business Analyst T-Shirt,17.99,2024-09-02
Funny Got Data MIS Data Systems Business Analyst T-Shirt,9.97,2024-09-02
Funny Got Data MIS Data Systems Business Analyst T-Shirt,14.99,2024-09-02
Funny Got Data MIS Data Systems Business Analyst T-Shirt,14.99,2024-09-02
Funny Got Data MIS Data Systems Business Analyst T-Shirt,9.97,2024-09-02
Funny Got Data MIS Data Systems Business Analyst T-Shirt,9.97,2024-09-02
Funny Got Data MIS Data Systems Business Analyst T-Shirt,9.97,2024-09-02
Funny Got Data MIS Data Systems Business Analyst T-Shirt,9.97,2024-09-02
Funny Got Data MIS Data Systems Business Analyst T-Shirt,14.99,2024-09-02
Funny Got Data MIS Data Systems Business Analyst T-Shirt,9.97,2024-09-02
Funny Got Data MIS Data Systems Business Analyst T-Shirt,16.99,2024-09-02
Funny Got Data MIS Data Systems Business Analyst T-Shirt,18.99,2024-09-02
Funny Got Data MIS Data Systems Business Analyst T-Shirt,17.99,2024-09-02
Funny Got Data MIS Data Systems Business Analyst T-Shirt,19.99,2024-09-02
Funny Got Data MIS Data Systems Business Analyst T-Shirt,16.99,2024-09-02
Funny Got Data MIS Data Systems Business Analyst T-Shirt,14.99,2024-09-02
Funny Got Data MIS Data Systems Business Analyst T-Shirt,19.99,2024-09-02
Funny Got Data MIS Data Systems Business Analyst T-Shirt,18.99,2024-09-02
Funny Got Data MIS Data Systems Business Analyst T-Shirt,14.99,2024-09-02
Funny Got Data MIS Data Systems Business Analyst T-Shirt,9.97,2024-09-02
Funny Got Data MIS Data Systems Business Analyst T-Shirt,9.97,2024-09-02
Funny Got Data MIS Data Systems Business Analyst T-Shirt,9.97,2024-09-02
